{
    "means": [
        5.482428073883057,
        195.517578125,
        104.59424591064453,
        2986.12451171875,
        15.544090270996094,
        76.2076644897461,
        1.555910587310791
    ],
    "stds": [
        1.7004470825195312,
        103.76657104492188,
        38.283668518066406,
        841.1339721679688,
        2.8178648948669434,
        3.6301372051239014,
        0.8071635961532593
    ],
    "fc1_weight": [
        [
            0.5317376255989075,
            0.46501559019088745,
            -0.05483260750770569,
            -0.13928653299808502,
            -0.3953004777431488,
            0.0614890456199646,
            -0.7743209600448608
        ],
        [
            0.2667396664619446,
            -0.6138811707496643,
            -0.5636905431747437,
            -0.15928791463375092,
            -0.1595471352338791,
            -0.7268902063369751,
            0.242332324385643
        ],
        [
            -0.4183155596256256,
            0.13414452970027924,
            -0.36963966488838196,
            -0.08382383733987808,
            0.1040378287434578,
            -0.02854345552623272,
            -0.650181770324707
        ],
        [
            -0.5607579946517944,
            -0.5974460244178772,
            -0.40318793058395386,
            -0.22885079681873322,
            -0.23133347928524017,
            0.5637292265892029,
            0.5492669343948364
        ],
        [
            0.12821583449840546,
            -0.16674615442752838,
            -0.46027830243110657,
            -0.5260188579559326,
            -0.3611506223678589,
            0.15564054250717163,
            -0.24558895826339722
        ],
        [
            0.2256118804216385,
            -0.18580558896064758,
            0.4699006676673889,
            0.02839577943086624,
            0.34186768531799316,
            0.6177261471748352,
            0.6150717735290527
        ],
        [
            0.25719666481018066,
            0.36594170331954956,
            -0.21763405203819275,
            -0.08067477494478226,
            0.7711685299873352,
            0.8052298426628113,
            -0.6792541146278381
        ],
        [
            -0.4491419494152069,
            -0.2513701021671295,
            -0.5212474465370178,
            -0.4837644696235657,
            -0.15671958029270172,
            -0.5134654641151428,
            0.4211215078830719
        ],
        [
            0.1154475063085556,
            -0.14096245169639587,
            -0.5501976013183594,
            -0.35915979743003845,
            -0.2531421184539795,
            0.5452959537506104,
            0.4713074266910553
        ],
        [
            -0.2622155547142029,
            -0.022394124418497086,
            -0.40185555815696716,
            -0.04815655201673508,
            0.3932313919067383,
            0.043801143765449524,
            -0.283082515001297
        ],
        [
            -0.21125707030296326,
            -0.3836970925331116,
            0.3709712326526642,
            -0.15330059826374054,
            -0.4004856050014496,
            -0.7677575349807739,
            -0.8129902482032776
        ],
        [
            0.47166886925697327,
            -0.4624669551849365,
            0.0710449069738388,
            0.2007296234369278,
            0.0852728858590126,
            0.4179005026817322,
            0.05510028079152107
        ],
        [
            0.09747828543186188,
            -0.3907390832901001,
            -0.44566458463668823,
            0.25426003336906433,
            0.48053380846977234,
            0.3623136579990387,
            -0.4647403061389923
        ],
        [
            0.16906704008579254,
            0.06646975129842758,
            -0.18459582328796387,
            0.05840977281332016,
            -0.5437496304512024,
            0.5032028555870056,
            -0.3442230820655823
        ],
        [
            -0.23628179728984833,
            -0.34147509932518005,
            -0.4532632529735565,
            -0.42115187644958496,
            -0.49383875727653503,
            0.42275112867355347,
            0.5559275150299072
        ],
        [
            0.0849037617444992,
            -0.6561999320983887,
            -0.21084612607955933,
            -0.4840265214443207,
            0.24345465004444122,
            0.5397610068321228,
            0.5551329255104065
        ]
    ],
    "fc1_bias": [
        0.5812821984291077,
        0.9988095164299011,
        0.47412535548210144,
        0.712196409702301,
        0.5954262018203735,
        0.3551292419433594,
        0.77203768491745,
        1.0339535474777222,
        0.23934444785118103,
        0.9983909130096436,
        0.4972342550754547,
        1.0898500680923462,
        0.3008861839771271,
        1.1428253650665283,
        0.3246955871582031,
        0.5760230422019958
    ],